id,first_name,last_name,country,birthdate
1,Letta,Casbolt,Poland,1947-04-18
2,Robbyn,Attwoul,Poland,1954-10-17
3,Hesther,Kisby,Ukraine,1941-07-21
4,Gav,Jewett,Czech Republic,1988-02-05
5,Jorrie,Klehyn,United States,1941-08-07
6,Genevieve,Ollington,United States,1921-08-27
7,Carrissa,Arrandale,United Kingdom,1982-08-20
8,Josepha,Dominichelli,Poland,1976-12-03
9,Ario,Hepher,Ukraine,2003-10-11
10,Walker,Grolmann,Poland,1964-02-17
11,Bernhard,Domokos,Poland,1905-05-17
12,Monro,Shenfisch,Poland,1902-10-11
13,Daryl,Benettelli,United States,1905-11-20
14,Elysia,Scottrell,United States,1994-03-31
15,Tamma,Veazey,Czech Republic,1968-10-06
16,Meara,Keast,Poland,1945-10-11
17,Gipsy,Klawi,Poland,1992-10-02
18,Peyton,Alliston,Ukraine,1928-09-19
19,Harman,Learman,Ukraine,1945-11-09
20,Tessi,Geldeford,Poland,1968-08-17
21,Eugene,Dudson,United States,1903-03-31
22,Wendye,Rowbotham,Poland,1932-12-16
23,Grannie,Kidner,United States,1940-02-21
24,Godart,Van Driel,United Kingdom,1980-01-02
25,Meara,Meenehan,United States,1994-12-13
26,Nike,Pietruszka,Poland,1978-11-25
27,Karmen,Dowears,United States,1944-06-02
28,Nobie,Pringley,Ukraine,2003-03-13
29,Farrel,Jirsa,Netherlands,1920-02-23
30,Mile,Stooke,Czech Republic,1970-03-05
31,Ethelin,Blayney,United States,1938-09-21
32,Stefa,Cronk,Czech Republic,1937-10-29
33,Harris,Verring,Poland,1944-12-13
34,Tamarra,O'Lennane,United States,1938-03-11
35,Lauretta,Mardlin,United States,1906-07-08
36,Janith,Champney,Poland,1938-08-06
37,Beltran,Isakovitch,Poland,1941-09-02
38,Rowan,Whenman,United States,1948-01-12
39,Allyn,Snazle,Poland,1909-07-22
40,Brok,Juza,United States,1991-04-23
41,Tallulah,Boorn,Poland,1918-06-27
42,Janice,Minihan,Poland,1984-07-07
43,Chantal,Huckin,United States,2002-03-27
44,Alessandra,Ollie,Czech Republic,1956-07-22
45,Pace,Impy,United States,1923-12-21
46,Danette,Schwartz,Poland,1957-06-19
47,Bren,Broe,Germany,1937-06-11
48,Nevsa,Poytres,Poland,1931-10-27
49,Corette,Iffland,Netherlands,1923-07-15
50,Susanetta,Roan,Poland,1940-07-25
51,Gill,Iremonger,United States,1957-07-14
52,Carlene,Gemson,Poland,1913-04-14
53,Krishna,MacCague,Ukraine,1940-08-05
54,Cchaddie,Miliffe,United States,1950-01-01
55,Torrie,Picot,United States,2004-04-24
56,Ranique,Piatek,Poland,1948-11-19
57,Alessandra,Adger,Ukraine,1997-04-07
58,Nananne,Sebring,Czech Republic,1910-03-08
59,Demetre,Ducker,United States,1980-05-14
60,Candra,Kwietek,United States,1928-07-12
61,Gwendolen,Tibbotts,Poland,1959-12-23
62,Ardelle,Dessant,Netherlands,1947-10-15
63,Kimberlee,Seville,United Kingdom,1956-02-25
64,Christabella,McCloughlin,Poland,1908-03-12
65,Meryl,Please,Poland,2003-06-13
66,Rosana,Bolger,United States,1906-09-29
67,Nikaniki,Canas,United Kingdom,1918-12-05
68,Flynn,Grattan,United States,1957-12-27
69,Bancroft,Studdeard,Estonia,1903-03-28
70,Bondon,Copley,United States,1990-08-07
71,Sherlocke,Schultes,Estonia,1963-04-03
72,Rani,Barnshaw,Poland,1999-10-31
73,Gail,Ponde,United States,1958-01-07
74,Ynes,Pagden,United States,1979-12-08
75,Vernice,McRorie,Poland,1955-07-30
76,Adria,Maloney,Czech Republic,1954-07-29
77,Margery,Muris,Ukraine,1975-08-22
78,Hube,Eble,Ukraine,1955-03-24
79,Yolande,Scarman,Poland,1934-10-04
80,Virginia,Leel,United States,1940-07-12
81,Arther,Brunton,United States,1997-10-25
82,Lula,Kyneton,Ukraine,1927-07-20
83,Valli,Duchesne,United States,1918-01-06
84,Chandal,Ackrill,Poland,1920-04-09
85,Madelene,Ainslee,United States,1951-06-19
86,Steffi,Hulbert,United States,1950-05-03
87,Buiron,Veldman,Poland,1969-10-27
88,Carlen,Eate,Czech Republic,1931-07-12
89,Kerianne,Wernham,Poland,1962-12-24
90,Ulric,Cadwallader,Poland,1900-10-12
91,Birgitta,Whimper,Poland,1984-07-01
92,Cindra,Streak,United States,1985-03-29
93,Onofredo,McPhail,Netherlands,1962-10-16
94,Clyve,Boutton,Ukraine,1966-02-02
95,Noll,Aristide,Czech Republic,1989-08-15
96,Jasmine,Hallick,Netherlands,1942-09-15
97,Izaak,Pavek,Poland,2003-11-21
98,Janella,Lingard,Ukraine,1920-07-15
99,Nataniel,Shrimpling,Ukraine,1977-06-26
100,Felicio,Bilborough,Ukraine,1961-04-10
101,Arlen,Hatrey,Ukraine,1981-06-14
102,Skye,Boulter,Ukraine,1993-05-29
103,Kelley,Maunders,United States,1943-02-23
104,Demetria,Trowel,Ukraine,1900-11-11
105,Essa,Lloyds,United States,1909-07-23
106,Sheffie,Deerness,Poland,1987-03-19
107,Kissee,Book,Poland,1907-10-03
108,Sayers,Medendorp,Czech Republic,1978-05-07
109,Marie-ann,Niemiec,Netherlands,1941-09-28
110,Delcine,Everex,Czech Republic,1902-05-10
111,Gaby,Durant,Poland,1901-10-22
112,Cass,Heigl,Poland,1924-06-05
113,Nalani,Van Dale,United States,1969-09-25
114,Tedra,Cosley,Netherlands,1983-03-30
115,Myrtle,May,Czech Republic,1966-03-07
116,Mirella,Faustian,United States,2004-10-14
117,Ansell,McQuarter,Poland,1946-08-12
118,Cyb,Mercy,Estonia,1978-10-30
119,Kathi,Blaksley,Czech Republic,1913-01-24
120,Ellsworth,Ring,Poland,1926-01-22
121,Katheryn,Menendes,United States,2004-08-23
122,Bamby,Anderer,Poland,1905-06-15
123,Radcliffe,Buckler,Ukraine,1998-06-29
124,Red,Edmeads,Poland,1956-06-22
125,Rudd,Caudelier,United States,1968-02-15
126,Jesus,Ferreri,United States,1908-02-22
127,Darwin,Bigrigg,United States,1998-10-11
128,Teresa,Springall,United States,1919-02-16
129,Shannon,Wiley,Germany,1925-07-13
130,Larina,Storrie,Poland,1937-11-09
131,Giacopo,Nesey,United States,1915-06-14
132,Isador,Osment,Ukraine,1924-02-24
133,Hewitt,Fannin,Ukraine,1940-11-08
134,Sorcha,Mascall,Poland,1964-01-20
135,Aidan,Senner,Poland,1959-03-26
136,Pieter,Behne,Poland,1921-04-11
137,Rey,Smitham,Ukraine,1933-04-25
138,Lothaire,Harrower,Ukraine,1997-06-30
139,Roxanna,Izachik,Poland,1948-12-09
140,Dorthy,D'Oyly,Ukraine,1961-02-21
141,Rogers,Kacheler,Poland,1980-10-04
142,Gaspar,Bugdall,United States,1951-02-14
143,Homer,Stanmer,United States,1920-06-24
144,Edithe,Hamflett,United Kingdom,1955-01-01
145,Rollie,Reeken,Poland,1949-11-17
146,Dionisio,Nance,Ukraine,1994-03-26
147,Pierre,MacCaffrey,Czech Republic,1915-05-02
148,Lavinie,Jorgesen,Poland,2002-01-22
149,Dagny,Buckney,Czech Republic,1918-03-26
150,Montague,Duerden,Poland,2003-11-09
