id,street,postal,email,phone
1,715 Canary Center,15191,,
2,25 Melby Way,92564,pbartle1@com.com,
3,0443 Lakewood Alley,51517,scornejo2@tiny.cc,+93 (545) 240-0237
4,9 Chinook Park,45637,,+86 (459) 616-7721
5,9 Ridgeway Lane,93582,mpain4@geocities.com,+55 (643) 372-4868
6,467 Gerald Street,95776,,+86 (317) 789-9249
7,55339 Ronald Regan Place,03794,clyokhin6@smugmug.com,+86 (508) 577-0882
8,8986 Kensington Avenue,18727,rscutter7@hugedomains.com,
9,41 Mallard Terrace,23386,mlightfoot8@answers.com,+351 (294) 841-8217
10,2419 Nobel Parkway,26023,ksaintpierre9@biglobe.ne.jp,+46 (967) 321-4393
11,87144 Toban Crossing,25990,adreossia@psu.edu,
12,0 Washington Way,39509,tgoterb@scientificamerican.com,
13,91 Scott Place,86943,,
14,8486 Corry Point,83673,,+86 (292) 248-0100
15,1374 Gina Street,16756,fmanklowe@gov.uk,+86 (441) 675-3035
16,02 Kinsman Crossing,13452,,+86 (314) 150-2092
17,9634 Southridge Avenue,64534,elissandreg@ow.ly,
18,7 Moland Lane,99833,jlathamh@g.co,+81 (214) 517-5032
19,8 Larry Hill,07043,akeyseli@ft.com,+351 (125) 364-4700
20,04545 Harbort Point,43474,,+48 (285) 799-8156
21,516 Scott Way,47026,ctrottonk@pagesperso-orange.fr,+64 (503) 419-8214
22,95367 Mayer Place,09285,lnadinl@themeforest.net,+48 (164) 197-9865
23,089 Daystar Way,07112,zbenfordm@e-recht24.de,
24,011 Straubel Trail,63148,kfidlern@wordpress.com,
25,510 Hansons Trail,40387,lshawleyo@exblog.jp,
26,55 Corben Terrace,66127,mcrownshawp@tripadvisor.com,+994 (784) 871-8860
27,90 Mcbride Court,28202,lmiddlebrookq@irs.gov,
28,3289 Farmco Hill,92095,calenshevr@shutterfly.com,
29,4817 Bashford Pass,50742,nbaughams@gov.uk,+64 (129) 553-7765
30,111 Ruskin Trail,23826,sbiagit@delicious.com,+81 (755) 598-4136
31,39 Knutson Plaza,77594,jbettesonu@samsung.com,+86 (936) 776-4913
32,019 Stephen Alley,27384,gknightv@dailymail.co.uk,+57 (483) 227-7723
33,8 Northwestern Terrace,83358,ascotlandw@netlog.com,+81 (124) 125-3997
34,0874 Hallows Trail,05678,jlakentonx@illinois.edu,+62 (264) 175-0660
35,02 Charing Cross Park,20574,,
36,7607 Hovde Place,88473,,+46 (814) 660-6339
37,28825 Oak Point,08216,,
38,5 Meadow Valley Court,51982,dloiseau11@google.cn,+7 (262) 802-0474
39,03 David Plaza,38215,mphizackerly12@zimbio.com,+7 (187) 952-9905
40,24273 Shopko Alley,96050,mkemmet13@bandcamp.com,+63 (478) 592-9486
41,80 Maple Avenue,35958,eallbon14@dagondesign.com,+261 (455) 468-9408
42,809 Drewry Avenue,92357,jaindrais15@harvard.edu,+63 (818) 912-7148
43,38 David Alley,33622,dbilverstone16@usgs.gov,+54 (798) 158-3524
44,85629 Coleman Road,24810,jhoovart17@t.co,
45,34616 Morrow Way,98170,brheam18@blinklist.com,+507 (341) 119-2722
46,02 Daystar Alley,12889,nskase19@hubpages.com,+48 (365) 429-5418
47,5233 Logan Plaza,43235,jdennidge1a@multiply.com,+62 (751) 575-4996
48,04 Shoshone Alley,50842,mjirasek1b@devhub.com,+598 (511) 183-9939
49,90195 Annamark Drive,34798,bmarsland1c@timesonline.co.uk,+62 (579) 307-9473
50,8 Center Trail,23836,sarangy1d@baidu.com,+57 (655) 779-3033
51,25 Pond Park,26535,,+62 (791) 588-1980
52,421 Trailsway Way,38958,,+7 (290) 932-3488
53,680 Fieldstone Pass,29771,,+63 (708) 382-6185
54,96 Cody Pass,80879,chartfield1h@myspace.com,+62 (243) 326-9840
55,01127 Orin Court,41218,rmatijevic1i@posterous.com,+7 (864) 786-7205
56,691 Pond Street,91598,schazier1j@ehow.com,
57,09 Mallory Center,60448,seim1k@wsj.com,+992 (421) 454-0387
58,1 Novick Way,31479,emaruszewski1l@wisc.edu,+263 (869) 552-8639
59,25 4th Circle,09186,lsimeon1m@vinaora.com,+81 (109) 805-7877
60,8 Barnett Road,35320,,
61,3 Orin Way,68493,hspurdle1o@toplist.cz,+691 (298) 482-8193
62,70 Loeprich Drive,76096,ghenzer1p@canalblog.com,+86 (190) 556-7466
63,1 North Avenue,98295,vforster1q@xing.com,+55 (369) 755-0342
64,8 Farwell Avenue,93833,sobispo1r@columbia.edu,+86 (309) 549-5631
65,3452 Namekagon Crossing,43373,rleddy1s@reference.com,
66,74965 Memorial Road,74544,mnerheny1t@mozilla.com,+7 (532) 258-4253
67,0 Comanche Trail,86306,kbernardoux1u@nature.com,+216 (708) 826-1161
68,13648 Dexter Hill,13384,lrainforth1v@biglobe.ne.jp,+86 (525) 584-0852
69,7885 Menomonie Point,16460,zcatteroll1w@gizmodo.com,
70,51 Ridge Oak Circle,30644,nmerredy1x@nsw.gov.au,
71,4 Charing Cross Trail,76590,mmeagh1y@ow.ly,+255 (802) 619-6092
72,4947 Steensland Street,36474,,+55 (459) 527-0523
73,6771 Columbus Place,78051,klunney20@taobao.com,+7 (273) 258-1881
74,5 Homewood Terrace,62165,,+970 (853) 375-1018
75,16958 Jackson Junction,18984,mcotesford22@archive.org,
76,1471 Scofield Drive,65764,cferrarotti23@photobucket.com,+1 (406) 426-5188
77,92 Rockefeller Point,49511,kstannislawski24@indiatimes.com,
78,972 Onsgard Lane,73551,gwhate25@webeden.co.uk,
79,0563 Shoshone Court,92495,caudas26@bloomberg.com,+389 (969) 109-2291
80,97 Continental Hill,67032,,+84 (146) 288-9090
81,0 Starling Pass,16180,ddefraine28@nyu.edu,+7 (651) 867-1386
82,47 Towne Place,37731,esmeeth29@google.co.uk,
83,22 New Castle Parkway,95881,hgrunguer2a@canalblog.com,
84,8317 Sullivan Junction,44764,,+962 (146) 512-9588
85,6609 Muir Road,94413,efothergill2c@sbwire.com,+353 (787) 705-6617
86,4 Truax Center,66001,jfeely2d@amazon.co.jp,+52 (948) 376-9690
87,9 Milwaukee Parkway,92704,lilem2e@theglobeandmail.com,+880 (505) 770-0581
88,23 Delaware Road,96731,awicklen2f@illinois.edu,+86 (204) 705-9360
89,3404 Hoepker Point,01705,hkernes2g@exblog.jp,+967 (373) 350-0665
90,1221 Morningstar Park,46551,sreddle2h@meetup.com,+54 (910) 860-0899
91,436 Buell Lane,93158,eredfearn2i@bloglines.com,
92,3621 Barby Court,73965,mbraksper2j@harvard.edu,+7 (316) 823-7909
93,927 Steensland Junction,30653,rteodori2k@creativecommons.org,+86 (771) 489-6671
94,32 Red Cloud Road,74262,,+62 (949) 300-9748
95,883 Oneill Court,94805,,+63 (533) 327-2339
96,342 Upham Way,98940,hturbitt2n@slate.com,+226 (236) 284-6433
97,387 Caliangt Road,37917,rdumbleton2o@mashable.com,
98,3484 Porter Street,81173,lstorah2p@csmonitor.com,+62 (540) 321-0305
99,97180 Homewood Alley,91618,,+81 (942) 350-1693
100,7 Jenifer Terrace,80831,gelgram2r@intel.com,+48 (649) 658-5412
101,960 Northfield Alley,00242,,+86 (767) 502-3327
102,73523 Village Way,35335,,
103,90516 Katie Drive,81710,etrouncer2u@shutterfly.com,
104,740 Brentwood Road,91830,zcranch2v@people.com.cn,+55 (795) 984-3289
105,5 Lakeland Junction,93457,battwater2w@craigslist.org,+86 (667) 164-0903
106,255 Warbler Pass,71253,gskyppe2x@deliciousdays.com,+1 (719) 962-8286
107,78 Vera Terrace,46799,,+62 (539) 257-1254
108,0 Ridgeview Parkway,27798,erodda2z@howstuffworks.com,
109,7358 Golf Point,69498,cdesseine30@barnesandnoble.com,+48 (830) 599-9433
110,0 Mifflin Parkway,34366,,
111,9557 American Ash Avenue,64517,rgordongiles32@nsw.gov.au,
112,05911 David Trail,48723,odickin33@devhub.com,+55 (427) 225-7245
113,06 Arizona Pass,80753,cmedling34@flavors.me,
114,29647 Moulton Center,15525,etilly35@howstuffworks.com,+86 (226) 890-9635
115,90162 Sunfield Trail,63442,dchitty36@netvibes.com,
116,68600 Westport Parkway,17235,xdark37@hhs.gov,
117,1940 Sunfield Point,32645,ascimone38@ebay.com,
118,96799 Straubel Avenue,03304,yclempton39@sina.com.cn,+420 (242) 995-1586
119,08 Farragut Court,63314,ctindley3a@alexa.com,+62 (996) 201-0309
120,03 Eastwood Point,41039,pmacgiany3b@blog.com,+66 (212) 176-6189
121,75559 Loeprich Road,69968,vbeazleigh3c@acquirethisname.com,+212 (892) 853-1179
122,9 School Circle,82786,,+86 (967) 537-0563
123,1 Utah Alley,43892,pmoreno3e@telegraph.co.uk,+55 (288) 649-8191
124,896 Mosinee Terrace,30828,mmcallester3f@gov.uk,+86 (880) 616-0873
125,17 Helena Parkway,51326,,
126,03 Mifflin Crossing,10026,cscurfield3h@cargocollective.com,+62 (652) 675-7056
127,832 Trailsway Street,50406,egregor3i@hp.com,
128,34096 Lerdahl Point,05347,mpettiford3j@vk.com,
129,1 Anniversary Trail,46548,ljosiah3k@ca.gov,+55 (890) 211-4476
130,782 Emmet Street,04309,,+48 (549) 859-6609
131,8773 Jackson Place,30535,,+63 (169) 718-4955
132,64220 Dawn Circle,01909,bharder3n@com.com,+86 (338) 221-6337
133,0080 Holy Cross Hill,04348,jclew3o@slideshare.net,+7 (160) 842-5646
134,980 Kenwood Court,44236,,+86 (154) 284-5977
135,83476 Raven Way,42301,mchuney3q@va.gov,+1 (571) 449-4028
136,40 Kinsman Circle,99580,wmcclurg3r@mysql.com,+55 (418) 775-5177
137,55940 Service Court,31652,jgalle3s@apple.com,+86 (531) 591-1638
138,052 Lakewood Circle,94087,aleyrroyd3t@hibu.com,+55 (987) 142-1133
139,743 Briar Crest Junction,16605,chryncewicz3u@domainmarket.com,+994 (229) 950-7092
140,0 Algoma Circle,38854,rnel3v@ocn.ne.jp,+81 (877) 306-2671
141,5774 Summer Ridge Avenue,25831,,
142,37 Armistice Road,41555,wlukesch3x@feedburner.com,
143,0 Hovde Hill,88187,,
144,54 Mallory Hill,24851,,+86 (912) 959-1698
145,720 Hudson Center,39321,icacacie40@craigslist.org,
146,1 Moulton Court,13157,rjunkison41@pen.io,+62 (478) 567-3806
147,98132 Dayton Road,57647,tradloff42@biglobe.ne.jp,+62 (416) 432-5280
148,4429 Jenna Place,64946,wluckham43@github.io,+58 (734) 443-8324
149,2455 Helena Road,05913,gseawell44@youku.com,+63 (519) 909-6087
150,26682 Beilfuss Crossing,57834,opether45@posterous.com,
151,90643 Knutson Place,76093,nbelmont46@lulu.com,+58 (515) 626-5559
152,449 Village Plaza,10067,jdawidowitz47@drupal.org,
153,781 Sutteridge Circle,87791,wblakebrough48@wordpress.com,+86 (307) 853-6495
154,1 Chinook Avenue,17162,mosment49@google.co.uk,+62 (786) 210-1657
155,9 Melrose Park,29831,avowles4a@reddit.com,+7 (995) 441-6675
156,4 Vera Street,67199,nfirk4b@spiegel.de,+501 (929) 206-1899
157,74 Atwood Pass,50224,,+86 (805) 281-7118
158,78 Di Loreto Center,77173,rduggary4d@twitpic.com,+62 (325) 704-4326
159,9266 1st Court,85630,mfort4e@pagesperso-orange.fr,+507 (946) 653-6277
160,46 Vera Place,32028,lfairham4f@booking.com,+93 (563) 371-1941
161,85 Del Mar Trail,61645,lchristene4g@cmu.edu,+7 (493) 411-6234
162,4 Crescent Oaks Avenue,49592,,+7 (830) 409-8815
163,65 Green Way,68225,,+7 (244) 253-3227
164,61715 Russell Avenue,58482,mhamlet4j@adobe.com,+86 (395) 561-2283
165,87 Lukken Alley,57841,,
166,4203 Pennsylvania Lane,68271,ddonn4l@irs.gov,+86 (153) 316-6020
167,5 Arapahoe Trail,40843,rchipman4m@flickr.com,
168,31455 Goodland Circle,94926,gboys4n@yale.edu,+7 (851) 538-0995
169,8 Service Trail,32267,,+62 (593) 344-8118
170,731 Redwing Court,62940,hchander4p@ca.gov,+51 (250) 429-5491
171,714 Dawn Junction,37569,,
172,1209 Dahle Court,22593,awoof4r@usgs.gov,
173,5 Mesta Circle,33172,,
174,0 International Center,98453,sbayns4t@seattletimes.com,+44 (555) 856-3020
175,02 Columbus Crossing,86158,erosbotham4u@usa.gov,+86 (923) 392-3943
176,3 Red Cloud Court,90167,,
177,0 Quincy Circle,10503,,+880 (914) 871-7114
178,16 Cherokee Plaza,62317,tkilfeder4x@studiopress.com,
179,5 Springs Point,01496,cpowles4y@furl.net,
180,92322 Nobel Terrace,01317,hphilipet4z@toplist.cz,+381 (131) 156-5862
181,711 Heath Road,51810,jbrannon50@apple.com,+52 (674) 105-9185
182,35 Morrow Plaza,88543,,+1 (213) 950-7875
183,34144 Vera Alley,30813,rburdon52@apple.com,+48 (461) 293-9855
184,33432 Twin Pines Parkway,59073,ssorrie53@unesco.org,+223 (634) 922-5947
185,46 Farmco Lane,21779,hbousquet54@apple.com,
186,16 Hauk Alley,25210,gwragge55@angelfire.com,
187,73538 Old Shore Hill,29144,keyckel56@weibo.com,+7 (295) 812-0268
188,000 David Center,18475,lwalas57@ucoz.ru,+62 (741) 656-8811
189,07 Dixon Hill,47790,gbroadbear58@1688.com,+86 (130) 147-5968
190,3615 Westend Way,67601,,+47 (582) 617-5181
191,73 Sundown Pass,85951,adupree5a@businesswire.com,+84 (277) 416-8349
192,11 Dahle Terrace,55058,,+34 (599) 327-5883
193,05 Transport Street,82370,wkillimister5c@a8.net,+7 (937) 909-6299
194,3 Pennsylvania Lane,50681,mloiterton5d@army.mil,+81 (642) 888-7384
195,5 Reinke Road,74754,vmayston5e@nsw.gov.au,+1 (215) 349-3394
196,1 Debra Trail,88031,,
197,0 Kenwood Crossing,97441,,+51 (788) 675-6590
198,053 Thackeray Alley,86792,,
199,4 Lighthouse Bay Crossing,20196,ngrowy5i@diigo.com,+351 (923) 485-2836
200,029 Muir Circle,80197,dmoquin5j@apache.org,+94 (885) 453-4607
201,170 Mendota Court,43194,,+234 (400) 823-9464
202,66292 Red Cloud Terrace,92158,hreinbach5l@redcross.org,+55 (408) 159-5545
203,30 Almo Place,01987,cdrover5m@51.la,+86 (633) 974-8936
204,698 Oneill Circle,20415,tstanbrooke5n@si.edu,+7 (568) 132-2355
205,6166 Basil Road,92637,ilademann5o@cafepress.com,+86 (812) 757-2576
206,71945 Anhalt Hill,18380,aspeer5p@reddit.com,+7 (896) 393-1550
207,9 Killdeer Pass,06501,meagles5q@sphinn.com,+86 (166) 821-8687
208,394 Oak Valley Court,77588,ooak5r@state.tx.us,
209,5699 Truax Street,36139,kmacon5s@mashable.com,+54 (358) 821-3576
210,73 Talmadge Center,77440,cfabler5t@addtoany.com,+33 (903) 794-6234
211,6 Arizona Center,33519,dsamwayes5u@usgs.gov,+48 (376) 953-0449
212,31534 Union Park,85826,,+86 (623) 633-0409
213,91435 Talisman Lane,68608,,
214,09004 Carberry Street,57816,,
215,48936 Florence Street,83304,rmccorry5y@webnode.com,+48 (203) 934-8119
216,937 Basil Lane,50565,pashbee5z@princeton.edu,
217,636 Mccormick Terrace,23191,bdicky60@cdbaby.com,
218,48 Vera Circle,77500,rforesight61@shareasale.com,+49 (201) 253-2694
219,6004 American Court,93152,jgantzer62@lulu.com,+503 (787) 419-6857
220,1806 Bultman Point,40292,aramelet63@yolasite.com,
221,213 Esker Alley,16908,abrimblecombe64@dropbox.com,+63 (528) 616-3270
222,89 Moulton Parkway,43325,,+7 (335) 427-1569
223,95 3rd Avenue,52139,harchbold66@google.fr,+357 (215) 234-8730
224,49272 Weeping Birch Crossing,66635,kodennehy67@drupal.org,+7 (867) 436-1337
225,760 Oneill Park,08415,,
226,096 Almo Hill,60587,jcastagno69@webnode.com,
227,9 Rusk Pass,27711,,
228,844 Dwight Court,92893,tstell6b@oakley.com,+46 (190) 753-6601
229,22992 Reindahl Plaza,79209,,+57 (305) 649-4506
230,058 Washington Terrace,97645,mbusen6d@imgur.com,+63 (234) 947-3006
231,507 Union Park,20461,hovenden6e@whitehouse.gov,+63 (334) 239-8082
232,8 Lighthouse Bay Parkway,58035,fmargrie6f@amazon.de,+7 (632) 259-2522
233,7 Miller Avenue,78893,,+351 (504) 703-8575
234,0 Grim Pass,05545,,
235,26 Springview Place,07141,alofty6i@eventbrite.com,+232 (210) 299-9773
236,1 Michigan Trail,75219,joneary6j@shinystat.com,+63 (234) 195-9044
237,3018 Clyde Gallagher Hill,23749,ldanzelman6k@rambler.ru,+359 (530) 889-3323
238,38316 Barby Place,79413,gmcgrady6l@studiopress.com,
239,0 4th Parkway,21154,dallgood6m@japanpost.jp,
240,81504 Hudson Place,52102,vknewstubb6n@webnode.com,
241,31098 Arapahoe Parkway,10419,,+62 (746) 769-9387
242,5952 Rutledge Avenue,35295,mshevell6p@time.com,
243,4288 Crescent Oaks Circle,82277,bdiable6q@prnewswire.com,+46 (927) 269-3894
244,55388 Cordelia Pass,39649,,+356 (842) 689-6866
245,2 Rusk Crossing,38274,,+86 (977) 261-1017
246,605 Golf View Court,74914,,+33 (414) 504-9649
247,7853 Messerschmidt Center,38851,bvanderweedenburg6u@house.gov,+7 (996) 459-8813
248,641 Butternut Avenue,37862,,+977 (332) 729-6510
249,7 Briar Crest Plaza,50677,,+62 (808) 335-7061
250,1980 Rutledge Pass,52282,mwynter6x@ameblo.jp,+86 (452) 540-3023
251,5481 Norway Maple Road,37822,veyer6y@spotify.com,+62 (732) 512-3460
252,55941 Raven Place,21225,mthistleton6z@angelfire.com,+358 (481) 958-4133
253,5 Hermina Terrace,76192,,+992 (876) 118-0914
254,97042 American Ash Way,94178,ogoodricke71@digg.com,+7 (354) 174-0307
255,3152 Lakeland Court,63213,lgoodreid72@aboutads.info,
256,17 Lawn Road,82921,,+86 (743) 913-0014
257,63610 Evergreen Crossing,27233,cgrishin74@amazon.de,+234 (832) 752-6424
258,12 Scott Road,33631,efloch75@unc.edu,
259,34 Cody Circle,56726,mold76@friendfeed.com,+63 (406) 858-3988
260,331 Eastwood Alley,78593,,
261,12545 Lakewood Gardens Pass,50379,lhoyte78@samsung.com,+62 (502) 774-8426
262,7 Eagle Crest Drive,93060,pdevon79@twitter.com,+502 (344) 928-5509
263,8 Jenifer Plaza,17927,,+57 (933) 253-5961
264,554 Mcguire Circle,13849,dferrick7b@phoca.cz,+7 (573) 190-8791
265,675 Butternut Place,35335,bbauld7c@loc.gov,+86 (543) 441-4298
266,48 Ludington Drive,81049,wmatussevich7d@hexun.com,+351 (740) 365-5953
267,097 Union Avenue,19781,kcaudwell7e@fotki.com,+54 (318) 714-2703
268,1038 Shelley Parkway,56144,eclemendet7f@tinypic.com,+30 (653) 944-7126
269,9 Ludington Circle,08478,gturl7g@networksolutions.com,
270,577 Artisan Parkway,18631,elozano7h@ustream.tv,+86 (323) 126-7555
271,9 Walton Hill,31746,kwoliter7i@unblog.fr,+55 (580) 441-4413
272,7269 Vahlen Park,61398,hearl7j@wsj.com,+86 (283) 621-0760
273,9130 Charing Cross Drive,84784,wthorlby7k@google.cn,+357 (700) 431-7608
274,47 Magdeline Street,09952,descale7l@npr.org,+7 (533) 686-2924
275,532 Elgar Drive,63364,nowbrick7m@intel.com,+1 (206) 103-7890
276,1303 Sachs Parkway,46070,amcinally7n@blinklist.com,+63 (561) 891-3833
277,49 Cherokee Place,65189,csowden7o@uiuc.edu,+86 (303) 588-9142
278,0903 Nevada Drive,68460,dlaban7p@si.edu,
279,3 Mcbride Alley,84351,gdrysdale7q@ocn.ne.jp,+52 (358) 989-1808
280,994 Mandrake Terrace,83740,gchiswell7r@pcworld.com,+62 (372) 423-0073
281,298 Oneill Avenue,56182,,+62 (234) 557-2302
282,12585 Banding Point,48693,bhollingsby7t@tripod.com,
283,5051 Charing Cross Crossing,73597,ahaddinton7u@nih.gov,+86 (531) 281-5493
284,069 Hudson Avenue,97253,,+371 (707) 911-5757
285,83934 Clarendon Plaza,07636,slane7w@smugmug.com,+31 (886) 466-7076
286,26856 Clemons Plaza,50887,,+371 (127) 225-6469
287,1575 Roxbury Lane,58366,,+86 (477) 989-8069
288,57753 Pawling Park,78487,dmaffia7z@china.com.cn,+231 (502) 603-5710
289,360 Dryden Park,64475,joscanlon80@1688.com,
290,9 Springs Hill,84271,,+1 (704) 223-4493
291,9309 Bartillon Road,08705,mstickland82@domainmarket.com,+86 (993) 484-6358
292,25718 Vera Parkway,33908,icartmer83@sciencedaily.com,+48 (267) 545-2151
293,13619 Roxbury Junction,84023,,+48 (285) 763-5630
294,719 Utah Center,60969,ebarstow85@twitpic.com,+62 (473) 860-5185
295,75546 Algoma Lane,28738,gmuncie86@prnewswire.com,+33 (820) 723-6524
296,97180 Badeau Center,89826,nduligal87@reverbnation.com,
297,429 Magdeline Lane,65887,cmcindrew88@cornell.edu,
298,6 Loftsgordon Plaza,19456,mcrimp89@statcounter.com,+86 (379) 293-9491
299,093 Hazelcrest Crossing,87911,abaltrushaitis8a@wikipedia.org,+221 (389) 802-5696
300,42 Thompson Trail,58658,gshurmer8b@google.com.hk,
301,47683 Farwell Circle,50256,mbenkhe8c@hexun.com,
302,3762 Briar Crest Hill,87953,,+98 (287) 385-6549
303,1476 Bobwhite Court,19489,mstallibrass8e@geocities.com,+382 (467) 944-8639
304,347 Lerdahl Point,63766,iceles8f@dedecms.com,+420 (456) 340-8868
305,08087 Oak Valley Road,17102,mchaudron8g@soup.io,+7 (785) 842-7696
306,526 Fairfield Court,23712,mtreleven8h@bing.com,+86 (458) 979-3593
307,2 Esker Way,43820,nyakovlev8i@msn.com,+62 (739) 569-4477
308,1014 Bayside Terrace,10870,,+86 (112) 906-7576
309,34836 Harper Way,46037,,
310,0 Kipling Hill,96276,,+63 (433) 600-1901
311,17 Towne Junction,29613,byuryaev8m@nbcnews.com,+420 (476) 717-0609
312,35336 Basil Drive,45993,,+33 (865) 736-0183
313,775 Mallard Junction,79989,csapena8o@washington.edu,+46 (519) 853-9853
314,1869 Macpherson Drive,93462,,+57 (835) 387-4165
315,4 Sunbrook Parkway,50717,nbirkenhead8q@ehow.com,+54 (828) 950-4427
316,9775 Morningstar Parkway,28534,schoppin8r@1688.com,+351 (905) 628-8622
317,762 Maple Trail,43763,,+63 (765) 814-6317
318,33 Summit Road,19269,,+86 (197) 197-2415
319,542 Carpenter Way,19072,gmattisson8u@discovery.com,+62 (271) 170-0254
320,439 South Lane,33250,dhillhouse8v@bloomberg.com,+55 (930) 352-2807
321,7 Logan Avenue,60663,lcuming8w@canalblog.com,+86 (936) 578-1331
322,26 Artisan Point,54885,gwigfield8x@dion.ne.jp,+63 (715) 414-4202
323,739 Utah Terrace,41616,lsleet8y@wsj.com,+55 (175) 803-9684
324,89 Burrows Road,57972,hquye8z@ehow.com,
325,43 Bunting Drive,50007,,+420 (982) 415-2872
326,391 Truax Crossing,16967,dleaves91@ebay.com,+55 (114) 190-9823
327,27448 Basil Pass,36182,,+62 (743) 501-9943
328,804 David Trail,04506,acorner93@bluehost.com,+86 (906) 342-7566
329,56 Sachs Point,17875,dsimoens94@va.gov,+420 (830) 501-3072
330,6 Banding Hill,07187,mdrakers95@usnews.com,+62 (328) 413-4527
331,58379 Hanover Drive,85736,ajann96@sphinn.com,+351 (970) 673-9314
332,85576 Dahle Hill,42312,psibyllina97@themeforest.net,+420 (268) 197-6047
333,249 Pond Way,38807,,+48 (492) 462-1284
334,4033 Larry Way,89933,,+62 (342) 953-9166
335,06 Eastwood Lane,94938,svannikov9a@craigslist.org,+380 (497) 962-3554
336,788 Goodland Hill,74982,pmarcum9b@sohu.com,+7 (203) 414-2153
337,1 Homewood Crossing,81574,cheino9c@hibu.com,
338,08848 Heffernan Court,68355,,+33 (315) 768-8652
339,0682 Burrows Point,58962,wfedoronko9e@digg.com,
340,724 Pankratz Pass,62427,lboost9f@sourceforge.net,
341,6 Kinsman Drive,67901,lscollick9g@army.mil,+225 (755) 770-0030
342,3 Summerview Circle,58879,lcramphorn9h@intel.com,
343,1308 Rowland Court,69613,,+55 (346) 864-0531
344,356 Eliot Trail,76753,bbtham9j@nature.com,+81 (173) 651-7047
345,83413 Dixon Circle,43768,smattys9k@w3.org,
