id,name,website,email,phone
1,Zoonoodle,https://sfgate.com,bhaile0@blogtalkradio.com,+55 (465) 224-8652
2,Brainlounge,http://php.net,bfindlow1@paginegialle.it,+389 (482) 470-2463
3,Tanoodle,http://dyndns.org,cfleisch2@scribd.com,+7 (852) 867-5041
4,Skivee,https://google.co.uk,mwhyatt3@guardian.co.uk,+86 (800) 978-5805
5,Yodel,https://oracle.com,iantonsen4@sitemeter.com,+63 (914) 758-8375
6,Realblab,https://google.ru,ccourage5@51.la,+237 (970) 693-0352
7,Oozz,https://who.int,tpurser6@ebay.com,+57 (962) 549-4249
8,Tazzy,https://histats.com,lveneur7@cnbc.com,+30 (890) 683-2517
9,Centizu,https://jalbum.net,sivic8@psu.edu,+55 (797) 440-2972
10,Snaptags,http://amazonaws.com,sdemke9@squarespace.com,+86 (350) 855-7198
11,Ozu,https://facebook.com,jgoodlipa@huffingtonpost.com,+86 (403) 182-9940
12,Yabox,https://last.fm,fleapb@princeton.edu,+48 (663) 294-9203
13,Quinu,http://hostgator.com,crawetc@google.pl,+57 (581) 268-9967
14,Vidoo,http://mtv.com,cmarad@biglobe.ne.jp,+86 (215) 495-4455
15,Twimm,http://mail.ru,bpethricke@amazon.co.jp,+63 (463) 584-6914
16,Quaxo,http://comcast.net,rbaggarleyf@ezinearticles.com,+86 (488) 765-0236
17,Gabcube,https://surveymonkey.com,trimmingtong@biglobe.ne.jp,+86 (280) 939-2592
18,Flipopia,http://dion.ne.jp,fmidsonh@cyberchimps.com,+351 (187) 901-9626
19,Gigazoom,https://nasa.gov,gshilitoi@telegraph.co.uk,+86 (943) 672-9935
20,Skiba,https://artisteer.com,cwinnisterj@google.ca,+86 (484) 621-9312
21,Twimm,http://webeden.co.uk,mshepherdsonk@dailymotion.com,+33 (951) 159-6342
22,Kazu,https://dropbox.com,sgrowcockl@fda.gov,+7 (121) 280-3696
23,Wordify,http://illinois.edu,agodbym@addthis.com,+86 (129) 518-2464
24,Mymm,http://howstuffworks.com,iweildishn@multiply.com,+1 (605) 465-3850
25,Quinu,http://bbb.org,ehearnaho@timesonline.co.uk,+46 (106) 273-3318
26,Shufflester,http://xrea.com,asortonp@liveinternet.ru,+48 (584) 774-4181
27,Rooxo,https://360.cn,brueggq@dedecms.com,+86 (517) 418-4080
28,Skilith,http://aol.com,sswainstonr@eepurl.com,+20 (339) 262-2182
29,Twimm,https://wufoo.com,phaythornthwaites@bandcamp.com,+86 (267) 914-8473
30,Roodel,http://amazon.com,hkiliust@smh.com.au,+216 (118) 215-3158
